
-- ==========================================
-- SCRIPT DE MIGRACIÓN: FAIR PLAY Y GOLEADORES
-- ==========================================

-- Ajustar puntos de Fair Play: Roja = 2 puntos
UPDATE fair_play_rules SET red_card_points = 2;

DELETE FROM cards;
DELETE FROM goals;
DELETE FROM players;

-- JUGADORES Y GOLES
INSERT INTO players (id, team_id, first_name, last_name) VALUES
  ('1bdb9abd-63ef-4577-b78d-ed98f9a13c29', 'd7e6844d-bdf2-4e04-9dee-282f9edda130', 'Britez', 'Jonas'),
  ('ae05fc73-c5d8-460f-9975-6772e2cdc5f7', '3d284aae-da0f-4467-b5b0-b18501d21009', 'Alex', 'Quispe'),
  ('b32569ec-a327-4eac-bf1d-26548c382b4c', '3d284aae-da0f-4467-b5b0-b18501d21009', 'Chamorro', 'Richard'),
  ('396d0091-5d07-46b7-9916-d4183bbdea86', 'd7e6844d-bdf2-4e04-9dee-282f9edda130', 'Torres', 'Alejandro'),
  ('c300ce94-fb5b-4d95-87f6-93010bb0a611', 'd51e2ce8-9bee-4791-b75a-d8b29614cf7e', 'Julio', 'Bustos'),
  ('eb940240-baa5-4fdf-9272-b7556d2a699b', '2f77ad92-a044-4f36-9fc5-fbd1b4310d3f', 'Alan', 'Ifran'),
  ('cc5c7f11-44d8-4f89-b216-9602ec26f6d6', '253575ab-e346-4b80-87fc-17b367fe4d98', 'Joel', 'Gosalbes'),
  ('d9c8f9c7-ca6a-46d8-8fcc-916b7c6d5aa7', '59d38998-b5cd-4c0c-bd6c-f9332c243d98', 'Juan', 'cruz Navarro'),
  ('0227f117-2e4c-417b-80d0-395b08f2e3b4', '59d38998-b5cd-4c0c-bd6c-f9332c243d98', 'Pedro', 'Aguirre'),
  ('cb09427d-dfea-4dbe-8773-f2285b17907f', '4c5a7448-9bce-4d52-8f26-c0c5f73c220d', 'Diego', 'Oviedo'),
  ('2efbfd0f-16b5-44fd-a709-208a97dc57a2', '8926cb00-1ccd-431a-9e34-0de7c39b9d0a', 'Jose', 'Orellana'),
  ('3ce14ec7-9098-4b30-9cbb-46f26e988c3c', '5e2ec4da-8b51-4a7a-bd57-96de3613e1cc', 'Joel', 'Ávalos'),
  ('a96280c2-257f-4bb6-aa55-5175415e3b9f', '4c5a7448-9bce-4d52-8f26-c0c5f73c220d', 'Nagashiro', '');

INSERT INTO goals (id, match_id, team_id, player_id, is_own_goal) VALUES
  ('947cac80-ef06-4e0d-8559-03c5cf0ccbbe', 'e2224152-22b3-4757-8311-1d3bc3b58e1b', 'd7e6844d-bdf2-4e04-9dee-282f9edda130', '1bdb9abd-63ef-4577-b78d-ed98f9a13c29', false),
  ('5032e4f5-3e70-4014-b54c-e60a1a373524', 'e2224152-22b3-4757-8311-1d3bc3b58e1b', 'd7e6844d-bdf2-4e04-9dee-282f9edda130', '1bdb9abd-63ef-4577-b78d-ed98f9a13c29', false),
  ('b07bf25a-ab87-4172-9920-520a10c0dc01', 'e2224152-22b3-4757-8311-1d3bc3b58e1b', 'd7e6844d-bdf2-4e04-9dee-282f9edda130', '1bdb9abd-63ef-4577-b78d-ed98f9a13c29', false),
  ('524017ad-b14a-4670-b6af-9a82a157017b', 'e2224152-22b3-4757-8311-1d3bc3b58e1b', 'd7e6844d-bdf2-4e04-9dee-282f9edda130', '1bdb9abd-63ef-4577-b78d-ed98f9a13c29', false),
  ('834fa0b3-5068-4092-a2fb-6eca9619c02a', 'e2224152-22b3-4757-8311-1d3bc3b58e1b', 'd7e6844d-bdf2-4e04-9dee-282f9edda130', '1bdb9abd-63ef-4577-b78d-ed98f9a13c29', false),
  ('f3d90d82-5eae-4c40-8f65-a64f90aa5624', 'e2224152-22b3-4757-8311-1d3bc3b58e1b', 'd7e6844d-bdf2-4e04-9dee-282f9edda130', '1bdb9abd-63ef-4577-b78d-ed98f9a13c29', false),
  ('2b23c296-52c2-4bc0-b90e-d711d60402c8', 'e2224152-22b3-4757-8311-1d3bc3b58e1b', 'd7e6844d-bdf2-4e04-9dee-282f9edda130', '1bdb9abd-63ef-4577-b78d-ed98f9a13c29', false),
  ('741338bc-1036-4150-9b6e-214e0508ee01', 'e2224152-22b3-4757-8311-1d3bc3b58e1b', 'd7e6844d-bdf2-4e04-9dee-282f9edda130', '1bdb9abd-63ef-4577-b78d-ed98f9a13c29', false),
  ('175f7162-44b5-4230-95fb-91af9a041d39', 'e2224152-22b3-4757-8311-1d3bc3b58e1b', 'd7e6844d-bdf2-4e04-9dee-282f9edda130', '1bdb9abd-63ef-4577-b78d-ed98f9a13c29', false),
  ('645a91ec-213f-40fb-b254-da959421e4cc', 'e2224152-22b3-4757-8311-1d3bc3b58e1b', 'd7e6844d-bdf2-4e04-9dee-282f9edda130', '1bdb9abd-63ef-4577-b78d-ed98f9a13c29', false),
  ('43f3c6b7-b5d1-490a-9752-574f5ee14749', 'e2224152-22b3-4757-8311-1d3bc3b58e1b', 'd7e6844d-bdf2-4e04-9dee-282f9edda130', '1bdb9abd-63ef-4577-b78d-ed98f9a13c29', false),
  ('c45d020c-9ff8-4f25-a8df-c6912e38f4d3', 'e2224152-22b3-4757-8311-1d3bc3b58e1b', 'd7e6844d-bdf2-4e04-9dee-282f9edda130', '1bdb9abd-63ef-4577-b78d-ed98f9a13c29', false),
  ('53ed0ff5-25ff-4b36-a93c-4ab4a2c93941', 'e2224152-22b3-4757-8311-1d3bc3b58e1b', 'd7e6844d-bdf2-4e04-9dee-282f9edda130', '1bdb9abd-63ef-4577-b78d-ed98f9a13c29', false),
  ('70433303-9417-40a2-af17-91ccb7a3c577', '2f6a5069-9461-4eb1-9a34-34b8e8a6ee79', '3d284aae-da0f-4467-b5b0-b18501d21009', 'ae05fc73-c5d8-460f-9975-6772e2cdc5f7', false),
  ('bb4e837a-a6ba-4b34-bfcb-63c266352fe2', '2f6a5069-9461-4eb1-9a34-34b8e8a6ee79', '3d284aae-da0f-4467-b5b0-b18501d21009', 'ae05fc73-c5d8-460f-9975-6772e2cdc5f7', false),
  ('2f10f445-cf5d-4483-a1f6-28ff3f6b395d', '2f6a5069-9461-4eb1-9a34-34b8e8a6ee79', '3d284aae-da0f-4467-b5b0-b18501d21009', 'ae05fc73-c5d8-460f-9975-6772e2cdc5f7', false),
  ('d87b7c2d-aaeb-4a1b-95b2-c2cd642f1624', '2f6a5069-9461-4eb1-9a34-34b8e8a6ee79', '3d284aae-da0f-4467-b5b0-b18501d21009', 'ae05fc73-c5d8-460f-9975-6772e2cdc5f7', false),
  ('07a20742-7de5-41d5-9201-f6d89b46eb8a', '2f6a5069-9461-4eb1-9a34-34b8e8a6ee79', '3d284aae-da0f-4467-b5b0-b18501d21009', 'ae05fc73-c5d8-460f-9975-6772e2cdc5f7', false),
  ('e5fa2544-b0a1-4559-b9a2-13a1b51f252a', '2f6a5069-9461-4eb1-9a34-34b8e8a6ee79', '3d284aae-da0f-4467-b5b0-b18501d21009', 'ae05fc73-c5d8-460f-9975-6772e2cdc5f7', false),
  ('b233a44e-9df7-4a26-aa9c-1bcc063ab90e', '2f6a5069-9461-4eb1-9a34-34b8e8a6ee79', '3d284aae-da0f-4467-b5b0-b18501d21009', 'ae05fc73-c5d8-460f-9975-6772e2cdc5f7', false),
  ('c45c8a43-2f32-4846-b8d9-bdbcb6a83793', '2f6a5069-9461-4eb1-9a34-34b8e8a6ee79', '3d284aae-da0f-4467-b5b0-b18501d21009', 'b32569ec-a327-4eac-bf1d-26548c382b4c', false),
  ('0fc832e9-1439-4cd1-99d9-88b06ad35c42', '2f6a5069-9461-4eb1-9a34-34b8e8a6ee79', '3d284aae-da0f-4467-b5b0-b18501d21009', 'b32569ec-a327-4eac-bf1d-26548c382b4c', false),
  ('d8e58f53-efa5-4051-9da9-1f6a01bcacec', '2f6a5069-9461-4eb1-9a34-34b8e8a6ee79', '3d284aae-da0f-4467-b5b0-b18501d21009', 'b32569ec-a327-4eac-bf1d-26548c382b4c', false),
  ('25273b23-9f44-474c-86be-bc6d80b03c65', '2f6a5069-9461-4eb1-9a34-34b8e8a6ee79', '3d284aae-da0f-4467-b5b0-b18501d21009', 'b32569ec-a327-4eac-bf1d-26548c382b4c', false),
  ('a20632c3-5374-4947-9eb4-9f56a05be841', '2f6a5069-9461-4eb1-9a34-34b8e8a6ee79', '3d284aae-da0f-4467-b5b0-b18501d21009', 'b32569ec-a327-4eac-bf1d-26548c382b4c', false),
  ('6674b83f-734e-4ffd-a2b5-18d5c4c421cd', '2f6a5069-9461-4eb1-9a34-34b8e8a6ee79', '3d284aae-da0f-4467-b5b0-b18501d21009', 'b32569ec-a327-4eac-bf1d-26548c382b4c', false),
  ('6a7fdd16-ec11-4c13-9fa6-061f7ae587e6', '2f6a5069-9461-4eb1-9a34-34b8e8a6ee79', '3d284aae-da0f-4467-b5b0-b18501d21009', 'b32569ec-a327-4eac-bf1d-26548c382b4c', false),
  ('e407b4af-8cba-4907-bbc3-3f4ce59af5eb', 'e2224152-22b3-4757-8311-1d3bc3b58e1b', 'd7e6844d-bdf2-4e04-9dee-282f9edda130', '396d0091-5d07-46b7-9916-d4183bbdea86', false),
  ('17b3ab8b-6656-4e61-9af8-3712c08c9fd9', 'e2224152-22b3-4757-8311-1d3bc3b58e1b', 'd7e6844d-bdf2-4e04-9dee-282f9edda130', '396d0091-5d07-46b7-9916-d4183bbdea86', false),
  ('f641324d-5f9b-40f2-af45-a1f710a20ada', 'e2224152-22b3-4757-8311-1d3bc3b58e1b', 'd7e6844d-bdf2-4e04-9dee-282f9edda130', '396d0091-5d07-46b7-9916-d4183bbdea86', false),
  ('414b915c-1650-4475-9107-6f1e229effe1', 'e2224152-22b3-4757-8311-1d3bc3b58e1b', 'd7e6844d-bdf2-4e04-9dee-282f9edda130', '396d0091-5d07-46b7-9916-d4183bbdea86', false),
  ('93357b46-f3fa-4dfc-8064-0cb88975603e', 'e2224152-22b3-4757-8311-1d3bc3b58e1b', 'd7e6844d-bdf2-4e04-9dee-282f9edda130', '396d0091-5d07-46b7-9916-d4183bbdea86', false),
  ('4434c8ca-6ab3-4eb1-829b-c919acd33cc7', 'e2224152-22b3-4757-8311-1d3bc3b58e1b', 'd7e6844d-bdf2-4e04-9dee-282f9edda130', '396d0091-5d07-46b7-9916-d4183bbdea86', false),
  ('f96c753a-7b2a-4eba-91a6-35b097113a94', 'e2224152-22b3-4757-8311-1d3bc3b58e1b', 'd7e6844d-bdf2-4e04-9dee-282f9edda130', '396d0091-5d07-46b7-9916-d4183bbdea86', false),
  ('35379877-ccb7-415b-a727-265708a62999', 'ea2a5788-a402-46a6-9171-95d0b5e72feb', 'd51e2ce8-9bee-4791-b75a-d8b29614cf7e', 'c300ce94-fb5b-4d95-87f6-93010bb0a611', false),
  ('0487b873-42ba-4eff-a33b-065b68d2bbdb', 'ea2a5788-a402-46a6-9171-95d0b5e72feb', 'd51e2ce8-9bee-4791-b75a-d8b29614cf7e', 'c300ce94-fb5b-4d95-87f6-93010bb0a611', false),
  ('aa40d0e9-ec2a-4788-b69c-bb649cf5936f', 'ea2a5788-a402-46a6-9171-95d0b5e72feb', 'd51e2ce8-9bee-4791-b75a-d8b29614cf7e', 'c300ce94-fb5b-4d95-87f6-93010bb0a611', false),
  ('4135a012-c8c8-4ee5-a833-1caed6318b35', 'ea2a5788-a402-46a6-9171-95d0b5e72feb', 'd51e2ce8-9bee-4791-b75a-d8b29614cf7e', 'c300ce94-fb5b-4d95-87f6-93010bb0a611', false),
  ('041b09d5-68cf-4bec-aaa5-65c612bacc70', 'ea2a5788-a402-46a6-9171-95d0b5e72feb', 'd51e2ce8-9bee-4791-b75a-d8b29614cf7e', 'c300ce94-fb5b-4d95-87f6-93010bb0a611', false),
  ('b071def8-fd62-48ad-b0d6-dd458a9a6b65', 'ea2a5788-a402-46a6-9171-95d0b5e72feb', 'd51e2ce8-9bee-4791-b75a-d8b29614cf7e', 'c300ce94-fb5b-4d95-87f6-93010bb0a611', false),
  ('04f6bb24-e12b-4ccf-adcc-809eda00f684', '68a825c9-e98c-4fef-8986-e9e96436789b', '2f77ad92-a044-4f36-9fc5-fbd1b4310d3f', 'eb940240-baa5-4fdf-9272-b7556d2a699b', false),
  ('e08e74d2-9c25-4143-b40b-515b656c14ec', '68a825c9-e98c-4fef-8986-e9e96436789b', '2f77ad92-a044-4f36-9fc5-fbd1b4310d3f', 'eb940240-baa5-4fdf-9272-b7556d2a699b', false),
  ('34cd0c46-08bd-4722-be19-fe5319584902', '68a825c9-e98c-4fef-8986-e9e96436789b', '2f77ad92-a044-4f36-9fc5-fbd1b4310d3f', 'eb940240-baa5-4fdf-9272-b7556d2a699b', false),
  ('177ebed9-82bb-444c-a7f5-0a026794fb7a', '68a825c9-e98c-4fef-8986-e9e96436789b', '2f77ad92-a044-4f36-9fc5-fbd1b4310d3f', 'eb940240-baa5-4fdf-9272-b7556d2a699b', false),
  ('326e2358-e941-4195-a46c-1b321877d5f5', '68a825c9-e98c-4fef-8986-e9e96436789b', '2f77ad92-a044-4f36-9fc5-fbd1b4310d3f', 'eb940240-baa5-4fdf-9272-b7556d2a699b', false),
  ('13a4d698-ba32-45ac-919e-89b7c80be7cb', '68a825c9-e98c-4fef-8986-e9e96436789b', '253575ab-e346-4b80-87fc-17b367fe4d98', 'cc5c7f11-44d8-4f89-b216-9602ec26f6d6', false),
  ('309492a4-287a-401e-a21a-4bb3898c39bc', '68a825c9-e98c-4fef-8986-e9e96436789b', '253575ab-e346-4b80-87fc-17b367fe4d98', 'cc5c7f11-44d8-4f89-b216-9602ec26f6d6', false),
  ('ffffae03-4c78-4a42-be0c-9c3f404e3459', '68a825c9-e98c-4fef-8986-e9e96436789b', '253575ab-e346-4b80-87fc-17b367fe4d98', 'cc5c7f11-44d8-4f89-b216-9602ec26f6d6', false),
  ('65e1daad-5065-4265-80a2-346cd1c8322a', '68a825c9-e98c-4fef-8986-e9e96436789b', '253575ab-e346-4b80-87fc-17b367fe4d98', 'cc5c7f11-44d8-4f89-b216-9602ec26f6d6', false),
  ('df412772-2b37-4372-952a-73d5423e73f4', '03edc1f5-2951-4449-a5d6-395919109825', '59d38998-b5cd-4c0c-bd6c-f9332c243d98', 'd9c8f9c7-ca6a-46d8-8fcc-916b7c6d5aa7', false),
  ('dced9e4e-23a4-4f35-a8cc-a6d535ba6d17', '03edc1f5-2951-4449-a5d6-395919109825', '59d38998-b5cd-4c0c-bd6c-f9332c243d98', 'd9c8f9c7-ca6a-46d8-8fcc-916b7c6d5aa7', false),
  ('82866a28-c476-44f8-8c9f-472f1e32f279', '03edc1f5-2951-4449-a5d6-395919109825', '59d38998-b5cd-4c0c-bd6c-f9332c243d98', 'd9c8f9c7-ca6a-46d8-8fcc-916b7c6d5aa7', false),
  ('beb68c49-4d69-431a-937b-bf4e71e34b7f', '03edc1f5-2951-4449-a5d6-395919109825', '59d38998-b5cd-4c0c-bd6c-f9332c243d98', 'd9c8f9c7-ca6a-46d8-8fcc-916b7c6d5aa7', false),
  ('8e62e62c-d2cc-45ed-8a38-4857c3fa855b', '03edc1f5-2951-4449-a5d6-395919109825', '59d38998-b5cd-4c0c-bd6c-f9332c243d98', '0227f117-2e4c-417b-80d0-395b08f2e3b4', false),
  ('d5836d99-883d-42d2-b9ad-b024e4363509', '03edc1f5-2951-4449-a5d6-395919109825', '59d38998-b5cd-4c0c-bd6c-f9332c243d98', '0227f117-2e4c-417b-80d0-395b08f2e3b4', false),
  ('7fa26f85-b0e8-4cc9-88ae-acd487bdb121', '03edc1f5-2951-4449-a5d6-395919109825', '59d38998-b5cd-4c0c-bd6c-f9332c243d98', '0227f117-2e4c-417b-80d0-395b08f2e3b4', false),
  ('3819aaa7-4991-4d67-9f98-86805a5220d5', '03edc1f5-2951-4449-a5d6-395919109825', '59d38998-b5cd-4c0c-bd6c-f9332c243d98', '0227f117-2e4c-417b-80d0-395b08f2e3b4', false),
  ('c9cab171-1abc-4e29-880e-232a9be3b1f2', '84c95cc5-fbc6-46c0-ab42-559f3b0b72f1', '4c5a7448-9bce-4d52-8f26-c0c5f73c220d', 'cb09427d-dfea-4dbe-8773-f2285b17907f', false),
  ('08a818a7-4183-40b1-a991-1073cbc4249c', '84c95cc5-fbc6-46c0-ab42-559f3b0b72f1', '4c5a7448-9bce-4d52-8f26-c0c5f73c220d', 'cb09427d-dfea-4dbe-8773-f2285b17907f', false),
  ('3c3d9f24-8223-4ea2-af2a-25bceca1c1d1', '84c95cc5-fbc6-46c0-ab42-559f3b0b72f1', '4c5a7448-9bce-4d52-8f26-c0c5f73c220d', 'cb09427d-dfea-4dbe-8773-f2285b17907f', false),
  ('35929d97-3b54-4bfb-8cdb-c53860935262', '84c95cc5-fbc6-46c0-ab42-559f3b0b72f1', '4c5a7448-9bce-4d52-8f26-c0c5f73c220d', 'cb09427d-dfea-4dbe-8773-f2285b17907f', false),
  ('801a82ad-892d-45c4-8c09-a9f68cda8782', 'c4bda1e3-22c4-4d64-94b4-682c305f7cdd', '8926cb00-1ccd-431a-9e34-0de7c39b9d0a', '2efbfd0f-16b5-44fd-a709-208a97dc57a2', false),
  ('f0719373-373d-40b2-ad10-e8b05e69763c', 'c4bda1e3-22c4-4d64-94b4-682c305f7cdd', '8926cb00-1ccd-431a-9e34-0de7c39b9d0a', '2efbfd0f-16b5-44fd-a709-208a97dc57a2', false),
  ('3ba61e25-6285-40e9-b2b8-10f0b6bd119a', 'c4bda1e3-22c4-4d64-94b4-682c305f7cdd', '8926cb00-1ccd-431a-9e34-0de7c39b9d0a', '2efbfd0f-16b5-44fd-a709-208a97dc57a2', false),
  ('367474b6-90cc-43bb-abb9-66821977d99a', 'c4bda1e3-22c4-4d64-94b4-682c305f7cdd', '8926cb00-1ccd-431a-9e34-0de7c39b9d0a', '2efbfd0f-16b5-44fd-a709-208a97dc57a2', false),
  ('28075898-3b45-4aa5-8a4f-b0ac42f09780', 'd8e0047f-3fc7-4883-8b70-72c321bafcba', '5e2ec4da-8b51-4a7a-bd57-96de3613e1cc', '3ce14ec7-9098-4b30-9cbb-46f26e988c3c', false),
  ('242e7a7d-506c-4573-9eb0-cb98936ce51e', 'd8e0047f-3fc7-4883-8b70-72c321bafcba', '5e2ec4da-8b51-4a7a-bd57-96de3613e1cc', '3ce14ec7-9098-4b30-9cbb-46f26e988c3c', false),
  ('e95c4700-39ea-4c97-bea0-74e9b914ba7e', 'd8e0047f-3fc7-4883-8b70-72c321bafcba', '5e2ec4da-8b51-4a7a-bd57-96de3613e1cc', '3ce14ec7-9098-4b30-9cbb-46f26e988c3c', false),
  ('652c8ac4-7e58-47ac-8e37-b97c9a93f823', 'd8e0047f-3fc7-4883-8b70-72c321bafcba', '5e2ec4da-8b51-4a7a-bd57-96de3613e1cc', '3ce14ec7-9098-4b30-9cbb-46f26e988c3c', false),
  ('410ee81a-1377-4da1-aecf-9d8e16c5ceba', '84c95cc5-fbc6-46c0-ab42-559f3b0b72f1', '4c5a7448-9bce-4d52-8f26-c0c5f73c220d', 'a96280c2-257f-4bb6-aa55-5175415e3b9f', false),
  ('179d143d-5ce3-4f69-9314-d5c9a376f5e8', '84c95cc5-fbc6-46c0-ab42-559f3b0b72f1', '4c5a7448-9bce-4d52-8f26-c0c5f73c220d', 'a96280c2-257f-4bb6-aa55-5175415e3b9f', false),
  ('5fa94024-d407-4f6b-b2a7-7ebf5391f845', '84c95cc5-fbc6-46c0-ab42-559f3b0b72f1', '4c5a7448-9bce-4d52-8f26-c0c5f73c220d', 'a96280c2-257f-4bb6-aa55-5175415e3b9f', false),
  ('82a27cc3-e909-4033-96ef-1bf0bf9d4d63', '84c95cc5-fbc6-46c0-ab42-559f3b0b72f1', '4c5a7448-9bce-4d52-8f26-c0c5f73c220d', 'a96280c2-257f-4bb6-aa55-5175415e3b9f', false);

-- TARJETAS FAIR PLAY
INSERT INTO cards (id, match_id, team_id, card_type) VALUES
  ('dd78815c-61b6-46e9-b8a5-1b672c10225c', 'e2224152-22b3-4757-8311-1d3bc3b58e1b', '5a0b99d7-f5f8-414a-b99a-62ebd4e3eeb6', 'yellow'),
  ('65c14ace-7718-426f-b9c4-64319008c9ca', 'e2224152-22b3-4757-8311-1d3bc3b58e1b', '5a0b99d7-f5f8-414a-b99a-62ebd4e3eeb6', 'yellow'),
  ('1d4ce567-7e67-4f98-b54e-a51f9bf6bd4e', 'e2224152-22b3-4757-8311-1d3bc3b58e1b', '5a0b99d7-f5f8-414a-b99a-62ebd4e3eeb6', 'yellow'),
  ('90d13793-01dd-47a9-961e-033b7b995821', 'e2224152-22b3-4757-8311-1d3bc3b58e1b', '5a0b99d7-f5f8-414a-b99a-62ebd4e3eeb6', 'yellow'),
  ('0fabf1fd-f2d1-47d4-b7de-32480a2ff79a', 'e2224152-22b3-4757-8311-1d3bc3b58e1b', '5a0b99d7-f5f8-414a-b99a-62ebd4e3eeb6', 'yellow'),
  ('fa6e06b4-23e1-4c45-8700-8dcc3e8e2f72', 'e2224152-22b3-4757-8311-1d3bc3b58e1b', '5a0b99d7-f5f8-414a-b99a-62ebd4e3eeb6', 'yellow'),
  ('3e22260f-665e-4f70-8285-91c845044d26', '1677b876-61fd-4521-a2ba-d563577522eb', '9fa5fefb-f03e-4235-b28d-30bf9de43cd0', 'yellow'),
  ('77bef26e-3492-4e53-9b35-b79b99f6c76a', '1677b876-61fd-4521-a2ba-d563577522eb', '9fa5fefb-f03e-4235-b28d-30bf9de43cd0', 'yellow'),
  ('9f0150e8-21de-4468-8e95-315215ee1d5c', '1677b876-61fd-4521-a2ba-d563577522eb', '9fa5fefb-f03e-4235-b28d-30bf9de43cd0', 'yellow'),
  ('32bffc24-bb6f-49cf-8dbc-b7d323495278', '1677b876-61fd-4521-a2ba-d563577522eb', '9fa5fefb-f03e-4235-b28d-30bf9de43cd0', 'yellow'),
  ('cd8c2681-4ac4-462c-ad21-402a5ffd9196', '1677b876-61fd-4521-a2ba-d563577522eb', '9fa5fefb-f03e-4235-b28d-30bf9de43cd0', 'red'),
  ('df7c009d-5f94-4e91-b8cc-ec9a0a4c719e', '68a825c9-e98c-4fef-8986-e9e96436789b', '253575ab-e346-4b80-87fc-17b367fe4d98', 'yellow'),
  ('191a6624-7c5e-464d-9407-abe94053df1a', '68a825c9-e98c-4fef-8986-e9e96436789b', '253575ab-e346-4b80-87fc-17b367fe4d98', 'yellow'),
  ('ac7a4034-7dc9-44f4-959e-84b1a2a4b1e8', '68a825c9-e98c-4fef-8986-e9e96436789b', '253575ab-e346-4b80-87fc-17b367fe4d98', 'yellow'),
  ('82348db6-8164-4164-803f-d67244c8dff3', '68a825c9-e98c-4fef-8986-e9e96436789b', '253575ab-e346-4b80-87fc-17b367fe4d98', 'yellow'),
  ('0b5ea92b-0de0-4174-b5e0-388f507f4dcf', '68a825c9-e98c-4fef-8986-e9e96436789b', '253575ab-e346-4b80-87fc-17b367fe4d98', 'yellow'),
  ('462e7e14-b62e-4476-98ee-8726a5793f0f', '68a825c9-e98c-4fef-8986-e9e96436789b', '253575ab-e346-4b80-87fc-17b367fe4d98', 'yellow'),
  ('8542d17b-9966-4524-9651-8930bc0ee2c0', '68a825c9-e98c-4fef-8986-e9e96436789b', '253575ab-e346-4b80-87fc-17b367fe4d98', 'red'),
  ('6551bbd8-a59b-42cc-8438-9de09a9cd16f', '2f6a5069-9461-4eb1-9a34-34b8e8a6ee79', '3d284aae-da0f-4467-b5b0-b18501d21009', 'yellow'),
  ('436fcbcc-5e71-4790-9c80-15bb09989b61', '2f6a5069-9461-4eb1-9a34-34b8e8a6ee79', '3d284aae-da0f-4467-b5b0-b18501d21009', 'yellow'),
  ('1b7921f7-631a-4bc4-87fc-93463cdd7bd8', '2f6a5069-9461-4eb1-9a34-34b8e8a6ee79', '3d284aae-da0f-4467-b5b0-b18501d21009', 'yellow'),
  ('e7c77ac1-cb83-4bc2-837f-163d55df12b2', '2f6a5069-9461-4eb1-9a34-34b8e8a6ee79', '3d284aae-da0f-4467-b5b0-b18501d21009', 'yellow'),
  ('f6a1afee-76f4-440f-a048-55f5f5716656', '2f6a5069-9461-4eb1-9a34-34b8e8a6ee79', '3d284aae-da0f-4467-b5b0-b18501d21009', 'yellow'),
  ('8f1fe83e-fb0d-4bfe-8db9-e2c58f4a4121', '2f6a5069-9461-4eb1-9a34-34b8e8a6ee79', '3d284aae-da0f-4467-b5b0-b18501d21009', 'yellow'),
  ('7df19a9a-541c-4ab8-927f-66b0f102761a', '2f6a5069-9461-4eb1-9a34-34b8e8a6ee79', '3d284aae-da0f-4467-b5b0-b18501d21009', 'yellow'),
  ('e356e089-c0c5-4e65-8f5a-0ed28ca3fdcc', '2f6a5069-9461-4eb1-9a34-34b8e8a6ee79', '3d284aae-da0f-4467-b5b0-b18501d21009', 'yellow'),
  ('9336491b-0463-46d2-9c59-6720c349e476', 'd8e0047f-3fc7-4883-8b70-72c321bafcba', 'fb9a2515-e656-43f3-b14e-e0749b458431', 'yellow'),
  ('c1d0ad87-90bb-405a-ad32-d5cd4a9e1e05', 'd8e0047f-3fc7-4883-8b70-72c321bafcba', 'fb9a2515-e656-43f3-b14e-e0749b458431', 'yellow'),
  ('565c67b4-110f-42bd-a061-fb0d41c860a4', 'd8e0047f-3fc7-4883-8b70-72c321bafcba', 'fb9a2515-e656-43f3-b14e-e0749b458431', 'yellow'),
  ('225592b3-238c-471c-9747-2040a9599692', 'd8e0047f-3fc7-4883-8b70-72c321bafcba', 'fb9a2515-e656-43f3-b14e-e0749b458431', 'yellow'),
  ('f783168a-b8c9-4cc0-aba1-0245ed227582', 'd8e0047f-3fc7-4883-8b70-72c321bafcba', 'fb9a2515-e656-43f3-b14e-e0749b458431', 'yellow'),
  ('22bacb32-9e3a-4a61-b315-c7abe43d9d8e', 'd8e0047f-3fc7-4883-8b70-72c321bafcba', 'fb9a2515-e656-43f3-b14e-e0749b458431', 'yellow'),
  ('c90bd84a-ea1c-49c7-8c39-39919ef5c69e', 'd8e0047f-3fc7-4883-8b70-72c321bafcba', 'fb9a2515-e656-43f3-b14e-e0749b458431', 'yellow'),
  ('689256ea-51c9-467a-a8d5-08d5845cef65', 'd8e0047f-3fc7-4883-8b70-72c321bafcba', 'fb9a2515-e656-43f3-b14e-e0749b458431', 'red'),
  ('f89be698-4d12-4399-80bf-bc5d1d8dbe2c', '67652e62-ade6-45ca-acd8-4011504c0213', '42123030-d860-4580-85ed-e56673c01b6f', 'yellow'),
  ('da6e0123-9f9b-4e17-a5b8-985221a5bfcd', '67652e62-ade6-45ca-acd8-4011504c0213', '42123030-d860-4580-85ed-e56673c01b6f', 'yellow'),
  ('c34edd67-cfb4-43d1-b7d0-284aef729e5d', '67652e62-ade6-45ca-acd8-4011504c0213', '42123030-d860-4580-85ed-e56673c01b6f', 'yellow'),
  ('7f9d5087-cf59-4e25-a969-4f4e4f54719f', '67652e62-ade6-45ca-acd8-4011504c0213', '42123030-d860-4580-85ed-e56673c01b6f', 'yellow'),
  ('eaa01444-5813-4ab4-8574-09b862e148f1', '67652e62-ade6-45ca-acd8-4011504c0213', '42123030-d860-4580-85ed-e56673c01b6f', 'yellow'),
  ('333978b9-d5dc-49e1-8474-579564e54dd1', '67652e62-ade6-45ca-acd8-4011504c0213', '42123030-d860-4580-85ed-e56673c01b6f', 'yellow'),
  ('10fb928c-33b2-47bd-b70d-47a3ef48b5ec', '67652e62-ade6-45ca-acd8-4011504c0213', '42123030-d860-4580-85ed-e56673c01b6f', 'red'),
  ('dfd191d7-03cd-444e-8323-8bf8a50370af', '67652e62-ade6-45ca-acd8-4011504c0213', '42123030-d860-4580-85ed-e56673c01b6f', 'red'),
  ('b278739e-775c-466d-afff-558b91b9362a', 'c4bda1e3-22c4-4d64-94b4-682c305f7cdd', '8926cb00-1ccd-431a-9e34-0de7c39b9d0a', 'yellow'),
  ('189a4801-6b64-452d-9c42-9c162d1d5de9', 'c4bda1e3-22c4-4d64-94b4-682c305f7cdd', '8926cb00-1ccd-431a-9e34-0de7c39b9d0a', 'yellow'),
  ('623b767f-8b11-46e8-be5a-b0c71a311722', 'c4bda1e3-22c4-4d64-94b4-682c305f7cdd', '8926cb00-1ccd-431a-9e34-0de7c39b9d0a', 'yellow'),
  ('07131561-8bf4-47a3-967c-379d0c8b1227', 'c4bda1e3-22c4-4d64-94b4-682c305f7cdd', '8926cb00-1ccd-431a-9e34-0de7c39b9d0a', 'yellow'),
  ('7a8801ec-7eb6-4584-91a4-92958cac154c', 'c4bda1e3-22c4-4d64-94b4-682c305f7cdd', '8926cb00-1ccd-431a-9e34-0de7c39b9d0a', 'yellow'),
  ('ba161678-75f4-4faa-895c-f9cc09f38aa1', 'c4bda1e3-22c4-4d64-94b4-682c305f7cdd', '8926cb00-1ccd-431a-9e34-0de7c39b9d0a', 'yellow'),
  ('8d1996ec-a531-4c09-8c25-066175659bdc', 'c4bda1e3-22c4-4d64-94b4-682c305f7cdd', '8926cb00-1ccd-431a-9e34-0de7c39b9d0a', 'yellow'),
  ('dde9a04e-9062-4885-a7c2-cc59c78bcb61', 'c4bda1e3-22c4-4d64-94b4-682c305f7cdd', '8926cb00-1ccd-431a-9e34-0de7c39b9d0a', 'yellow'),
  ('dea95ed2-84f8-413b-a451-8d94cb74e449', 'c4bda1e3-22c4-4d64-94b4-682c305f7cdd', '8926cb00-1ccd-431a-9e34-0de7c39b9d0a', 'yellow'),
  ('bb3773d5-27a9-463f-ad05-85f86aff9bdc', 'c4bda1e3-22c4-4d64-94b4-682c305f7cdd', '8926cb00-1ccd-431a-9e34-0de7c39b9d0a', 'yellow'),
  ('195fceab-c375-42ed-bef4-e3ffe0fa965e', '84c95cc5-fbc6-46c0-ab42-559f3b0b72f1', '0e1119bb-c889-4d42-b202-1b30bae7327b', 'yellow'),
  ('796116d4-93db-4c3a-9e3d-4660783889e3', '84c95cc5-fbc6-46c0-ab42-559f3b0b72f1', '0e1119bb-c889-4d42-b202-1b30bae7327b', 'yellow'),
  ('dccca48c-92ec-494e-be2c-a5fcf2f9fed1', '84c95cc5-fbc6-46c0-ab42-559f3b0b72f1', '0e1119bb-c889-4d42-b202-1b30bae7327b', 'yellow'),
  ('81b44586-a6e5-4c3f-ab51-1ea1d4420daf', '84c95cc5-fbc6-46c0-ab42-559f3b0b72f1', '0e1119bb-c889-4d42-b202-1b30bae7327b', 'yellow'),
  ('f4ed520b-5c2d-4646-832a-3ae51a68f097', '84c95cc5-fbc6-46c0-ab42-559f3b0b72f1', '0e1119bb-c889-4d42-b202-1b30bae7327b', 'yellow'),
  ('bdec1f57-5145-462c-ad10-eee2fb50d4f9', '84c95cc5-fbc6-46c0-ab42-559f3b0b72f1', '0e1119bb-c889-4d42-b202-1b30bae7327b', 'yellow'),
  ('cd433695-8d9b-488c-8f03-7054e7eeb102', '84c95cc5-fbc6-46c0-ab42-559f3b0b72f1', '0e1119bb-c889-4d42-b202-1b30bae7327b', 'yellow'),
  ('d78f5ba6-6b3c-45ce-aa3e-ed697b07f3ea', '84c95cc5-fbc6-46c0-ab42-559f3b0b72f1', '0e1119bb-c889-4d42-b202-1b30bae7327b', 'yellow'),
  ('a8da827c-6e9b-4b2e-9692-76536d4db1a3', '84c95cc5-fbc6-46c0-ab42-559f3b0b72f1', '0e1119bb-c889-4d42-b202-1b30bae7327b', 'yellow'),
  ('b205a26d-e23c-4f92-afa0-872faef96b3b', '84c95cc5-fbc6-46c0-ab42-559f3b0b72f1', '0e1119bb-c889-4d42-b202-1b30bae7327b', 'yellow'),
  ('ece42160-c759-403e-be19-2911c2488aad', '84c95cc5-fbc6-46c0-ab42-559f3b0b72f1', '0e1119bb-c889-4d42-b202-1b30bae7327b', 'yellow'),
  ('2fec7447-edb8-4aed-bcf0-cc55bcd5b893', 'd8e0047f-3fc7-4883-8b70-72c321bafcba', '5e2ec4da-8b51-4a7a-bd57-96de3613e1cc', 'yellow'),
  ('6e782091-6297-4be2-9171-1aa918b51310', 'd8e0047f-3fc7-4883-8b70-72c321bafcba', '5e2ec4da-8b51-4a7a-bd57-96de3613e1cc', 'yellow'),
  ('714146ee-759c-4637-8112-3dbff083f854', 'd8e0047f-3fc7-4883-8b70-72c321bafcba', '5e2ec4da-8b51-4a7a-bd57-96de3613e1cc', 'yellow'),
  ('2588f248-7725-401c-80b1-d7107c5831fe', 'd8e0047f-3fc7-4883-8b70-72c321bafcba', '5e2ec4da-8b51-4a7a-bd57-96de3613e1cc', 'yellow'),
  ('e4d4af56-209a-41f3-9aef-086ea4f70513', 'd8e0047f-3fc7-4883-8b70-72c321bafcba', '5e2ec4da-8b51-4a7a-bd57-96de3613e1cc', 'yellow'),
  ('428910f5-6f33-4a60-b687-0871c2758c11', 'd8e0047f-3fc7-4883-8b70-72c321bafcba', '5e2ec4da-8b51-4a7a-bd57-96de3613e1cc', 'yellow'),
  ('f3d0a078-c26e-4def-980b-37f5f478235d', 'd8e0047f-3fc7-4883-8b70-72c321bafcba', '5e2ec4da-8b51-4a7a-bd57-96de3613e1cc', 'yellow'),
  ('c753e133-e63d-49a2-b4fd-70abc8fa77fd', 'd8e0047f-3fc7-4883-8b70-72c321bafcba', '5e2ec4da-8b51-4a7a-bd57-96de3613e1cc', 'yellow'),
  ('8eaede53-2f05-4594-a41c-d6590deedcc2', 'd8e0047f-3fc7-4883-8b70-72c321bafcba', '5e2ec4da-8b51-4a7a-bd57-96de3613e1cc', 'yellow'),
  ('f76aff77-ad4f-4086-8c10-4a68fda0a2ec', 'd8e0047f-3fc7-4883-8b70-72c321bafcba', '5e2ec4da-8b51-4a7a-bd57-96de3613e1cc', 'yellow'),
  ('634308c8-bf5a-4e14-a46a-5fb2d7fe33fa', 'd8e0047f-3fc7-4883-8b70-72c321bafcba', '5e2ec4da-8b51-4a7a-bd57-96de3613e1cc', 'yellow'),
  ('c04b0f9a-ca16-4e97-bb20-9de57110117b', '67652e62-ade6-45ca-acd8-4011504c0213', '0624d5bd-1346-45d3-a1e8-9880a4781c6e', 'yellow'),
  ('2e63b946-5e22-44a0-b66a-86a5e0871f52', '67652e62-ade6-45ca-acd8-4011504c0213', '0624d5bd-1346-45d3-a1e8-9880a4781c6e', 'yellow'),
  ('8c1b88c9-c8b6-40f8-a74b-6914eb7592ce', '67652e62-ade6-45ca-acd8-4011504c0213', '0624d5bd-1346-45d3-a1e8-9880a4781c6e', 'yellow'),
  ('979ded00-6642-4e63-bffc-383c66caa01b', '67652e62-ade6-45ca-acd8-4011504c0213', '0624d5bd-1346-45d3-a1e8-9880a4781c6e', 'yellow'),
  ('13c3d539-9686-4bc3-a533-ac031a59e465', '67652e62-ade6-45ca-acd8-4011504c0213', '0624d5bd-1346-45d3-a1e8-9880a4781c6e', 'yellow'),
  ('89d4ea7c-900d-4ba6-8ec6-0ef702e07b9d', '67652e62-ade6-45ca-acd8-4011504c0213', '0624d5bd-1346-45d3-a1e8-9880a4781c6e', 'yellow'),
  ('76da4023-0253-4de0-8c0d-3f48bb74bdf1', '67652e62-ade6-45ca-acd8-4011504c0213', '0624d5bd-1346-45d3-a1e8-9880a4781c6e', 'yellow'),
  ('bb288569-d656-4f27-83e4-babe2ea52c3e', '67652e62-ade6-45ca-acd8-4011504c0213', '0624d5bd-1346-45d3-a1e8-9880a4781c6e', 'yellow'),
  ('749002f9-beaa-4773-ad7b-0114ed2bf317', '67652e62-ade6-45ca-acd8-4011504c0213', '0624d5bd-1346-45d3-a1e8-9880a4781c6e', 'red'),
  ('b58a6c49-da4e-44ae-bf9c-26e102b523bb', '67652e62-ade6-45ca-acd8-4011504c0213', '0624d5bd-1346-45d3-a1e8-9880a4781c6e', 'red'),
  ('87c3fe2f-9dc3-44eb-88f7-daf17ca6f585', '38cc8b37-6065-493d-8e21-73c491485a8e', '2d20020a-8ecc-4397-a0a6-027476bd268e', 'yellow'),
  ('391088d2-163e-4801-890b-817bd8071384', '38cc8b37-6065-493d-8e21-73c491485a8e', '2d20020a-8ecc-4397-a0a6-027476bd268e', 'yellow'),
  ('0e54c851-30d5-4727-a448-577399dec2f1', '38cc8b37-6065-493d-8e21-73c491485a8e', '2d20020a-8ecc-4397-a0a6-027476bd268e', 'yellow'),
  ('6bbd5920-57ca-434b-b0b8-be4050035673', '38cc8b37-6065-493d-8e21-73c491485a8e', '2d20020a-8ecc-4397-a0a6-027476bd268e', 'yellow'),
  ('5da0acfb-3c36-491c-878b-b160fd81ae67', '38cc8b37-6065-493d-8e21-73c491485a8e', '2d20020a-8ecc-4397-a0a6-027476bd268e', 'yellow'),
  ('0789da17-bf28-4c86-9746-6a6aa03bb226', '38cc8b37-6065-493d-8e21-73c491485a8e', '2d20020a-8ecc-4397-a0a6-027476bd268e', 'yellow'),
  ('a0e421b2-313a-4afb-ba16-06530658dcb8', '38cc8b37-6065-493d-8e21-73c491485a8e', '2d20020a-8ecc-4397-a0a6-027476bd268e', 'yellow'),
  ('84494c03-e0a0-466c-bee7-d0caf81e8ae4', '38cc8b37-6065-493d-8e21-73c491485a8e', '2d20020a-8ecc-4397-a0a6-027476bd268e', 'yellow'),
  ('4f6f81bd-5746-4008-9eaf-c6b3d0438b43', '38cc8b37-6065-493d-8e21-73c491485a8e', '2d20020a-8ecc-4397-a0a6-027476bd268e', 'yellow'),
  ('78ce41f7-8503-480f-b9d6-5acd3a05a3c6', '38cc8b37-6065-493d-8e21-73c491485a8e', '2d20020a-8ecc-4397-a0a6-027476bd268e', 'yellow'),
  ('c4edf51b-4d65-4d1c-93eb-e05741c6129d', '38cc8b37-6065-493d-8e21-73c491485a8e', '2d20020a-8ecc-4397-a0a6-027476bd268e', 'red'),
  ('346b950b-ae3a-4046-a2bf-3189db5295e4', '84c95cc5-fbc6-46c0-ab42-559f3b0b72f1', '4c5a7448-9bce-4d52-8f26-c0c5f73c220d', 'yellow'),
  ('f95cae1b-e931-420d-9e32-08d243a1c915', '84c95cc5-fbc6-46c0-ab42-559f3b0b72f1', '4c5a7448-9bce-4d52-8f26-c0c5f73c220d', 'yellow'),
  ('be95adf8-6bed-49a8-b214-a8dc7be0df74', '84c95cc5-fbc6-46c0-ab42-559f3b0b72f1', '4c5a7448-9bce-4d52-8f26-c0c5f73c220d', 'yellow'),
  ('800c63af-d55b-4af4-b775-4157b526999e', '84c95cc5-fbc6-46c0-ab42-559f3b0b72f1', '4c5a7448-9bce-4d52-8f26-c0c5f73c220d', 'yellow'),
  ('1563b02b-4049-4bd1-ae7a-fd851ec67118', '84c95cc5-fbc6-46c0-ab42-559f3b0b72f1', '4c5a7448-9bce-4d52-8f26-c0c5f73c220d', 'yellow'),
  ('6fdd3455-c1c7-4da9-9428-1c202763cdc0', '84c95cc5-fbc6-46c0-ab42-559f3b0b72f1', '4c5a7448-9bce-4d52-8f26-c0c5f73c220d', 'yellow'),
  ('d7fed24b-c5f5-4158-9738-8adce34d62c9', '84c95cc5-fbc6-46c0-ab42-559f3b0b72f1', '4c5a7448-9bce-4d52-8f26-c0c5f73c220d', 'yellow'),
  ('55c418cf-12bb-4682-90ff-6f91d5932dc8', '84c95cc5-fbc6-46c0-ab42-559f3b0b72f1', '4c5a7448-9bce-4d52-8f26-c0c5f73c220d', 'yellow'),
  ('4f7eb2be-3d4c-44fb-9e71-946998eb6f07', '84c95cc5-fbc6-46c0-ab42-559f3b0b72f1', '4c5a7448-9bce-4d52-8f26-c0c5f73c220d', 'yellow'),
  ('3e2cdd7c-5424-44ef-b558-fc391159a470', '84c95cc5-fbc6-46c0-ab42-559f3b0b72f1', '4c5a7448-9bce-4d52-8f26-c0c5f73c220d', 'yellow'),
  ('1e59e26c-a0d3-4c85-8f65-704d14b16a23', '84c95cc5-fbc6-46c0-ab42-559f3b0b72f1', '4c5a7448-9bce-4d52-8f26-c0c5f73c220d', 'yellow'),
  ('66c5e96a-7cb4-4e71-bd02-68d214c2532e', '84c95cc5-fbc6-46c0-ab42-559f3b0b72f1', '4c5a7448-9bce-4d52-8f26-c0c5f73c220d', 'red'),
  ('9633f004-dc10-4ce6-b78b-fccaaed06ea0', 'c4bda1e3-22c4-4d64-94b4-682c305f7cdd', 'f1c55483-b1ca-45dd-9bf3-f496737aed36', 'yellow'),
  ('f3022d11-1a46-42cd-adac-805078e6aea3', 'c4bda1e3-22c4-4d64-94b4-682c305f7cdd', 'f1c55483-b1ca-45dd-9bf3-f496737aed36', 'yellow'),
  ('47e5ea89-3a47-426e-802a-0a5467e381b9', 'c4bda1e3-22c4-4d64-94b4-682c305f7cdd', 'f1c55483-b1ca-45dd-9bf3-f496737aed36', 'yellow'),
  ('ea6a73ac-01bf-485b-ad66-3414c7ce5792', 'c4bda1e3-22c4-4d64-94b4-682c305f7cdd', 'f1c55483-b1ca-45dd-9bf3-f496737aed36', 'yellow'),
  ('2fb2a628-9626-4e80-8aea-d21d5fec6c57', 'c4bda1e3-22c4-4d64-94b4-682c305f7cdd', 'f1c55483-b1ca-45dd-9bf3-f496737aed36', 'yellow'),
  ('f0ee7071-8495-4a8b-82d8-3317c065ba2c', 'c4bda1e3-22c4-4d64-94b4-682c305f7cdd', 'f1c55483-b1ca-45dd-9bf3-f496737aed36', 'yellow'),
  ('e00f16bc-1d60-4398-810e-1cf5bf8a0ea0', 'c4bda1e3-22c4-4d64-94b4-682c305f7cdd', 'f1c55483-b1ca-45dd-9bf3-f496737aed36', 'yellow'),
  ('13ac6171-af71-426c-ad94-62e61ffbd3d6', 'c4bda1e3-22c4-4d64-94b4-682c305f7cdd', 'f1c55483-b1ca-45dd-9bf3-f496737aed36', 'yellow'),
  ('a89aed1b-156f-4aca-b0b0-e06d3b3ac5e2', 'c4bda1e3-22c4-4d64-94b4-682c305f7cdd', 'f1c55483-b1ca-45dd-9bf3-f496737aed36', 'yellow'),
  ('6e215765-d893-4288-96f5-16020cd8c6e2', 'c4bda1e3-22c4-4d64-94b4-682c305f7cdd', 'f1c55483-b1ca-45dd-9bf3-f496737aed36', 'yellow'),
  ('63b67f2c-c18e-40e9-8a8c-5bf676055e01', 'c4bda1e3-22c4-4d64-94b4-682c305f7cdd', 'f1c55483-b1ca-45dd-9bf3-f496737aed36', 'yellow'),
  ('a724ea39-d29b-47a3-8d2a-aa025e4d9c1e', 'c4bda1e3-22c4-4d64-94b4-682c305f7cdd', 'f1c55483-b1ca-45dd-9bf3-f496737aed36', 'yellow'),
  ('1950621a-9ed9-45f2-bf61-325b103b6be7', 'c4bda1e3-22c4-4d64-94b4-682c305f7cdd', 'f1c55483-b1ca-45dd-9bf3-f496737aed36', 'yellow'),
  ('f24aca73-150e-4682-b348-41e8bf8e8172', 'c4bda1e3-22c4-4d64-94b4-682c305f7cdd', 'f1c55483-b1ca-45dd-9bf3-f496737aed36', 'yellow'),
  ('ca54083c-fbec-4481-b01f-e96734eb0624', 'c4bda1e3-22c4-4d64-94b4-682c305f7cdd', 'f1c55483-b1ca-45dd-9bf3-f496737aed36', 'red'),
  ('7681e679-d668-40b6-b2aa-98a9a5653cc5', '68a825c9-e98c-4fef-8986-e9e96436789b', '2f77ad92-a044-4f36-9fc5-fbd1b4310d3f', 'yellow'),
  ('374331ad-8d1e-493e-a4f4-89933b2b9ec4', '68a825c9-e98c-4fef-8986-e9e96436789b', '2f77ad92-a044-4f36-9fc5-fbd1b4310d3f', 'yellow'),
  ('a2551b16-b9cd-4fff-b337-08f89b5fab6c', '68a825c9-e98c-4fef-8986-e9e96436789b', '2f77ad92-a044-4f36-9fc5-fbd1b4310d3f', 'yellow'),
  ('5bc73476-b3ea-4472-bf5d-d45325e78243', '68a825c9-e98c-4fef-8986-e9e96436789b', '2f77ad92-a044-4f36-9fc5-fbd1b4310d3f', 'yellow'),
  ('a41458df-c367-415e-a1c0-407de3a0f131', '68a825c9-e98c-4fef-8986-e9e96436789b', '2f77ad92-a044-4f36-9fc5-fbd1b4310d3f', 'yellow'),
  ('9daa2c31-e1bb-4b76-95d8-fa5d4fd450a2', '68a825c9-e98c-4fef-8986-e9e96436789b', '2f77ad92-a044-4f36-9fc5-fbd1b4310d3f', 'yellow'),
  ('dfed6e89-e9f5-4e57-ad70-e7741bffdda8', '68a825c9-e98c-4fef-8986-e9e96436789b', '2f77ad92-a044-4f36-9fc5-fbd1b4310d3f', 'yellow'),
  ('e36229c8-0d38-4d0b-a763-2d2b6deeba72', '68a825c9-e98c-4fef-8986-e9e96436789b', '2f77ad92-a044-4f36-9fc5-fbd1b4310d3f', 'yellow'),
  ('ba508853-51dd-45c0-8aa8-79122f576ffa', '68a825c9-e98c-4fef-8986-e9e96436789b', '2f77ad92-a044-4f36-9fc5-fbd1b4310d3f', 'yellow'),
  ('ce059ae9-c1bb-4b40-98a4-a01d9ecf47c4', '68a825c9-e98c-4fef-8986-e9e96436789b', '2f77ad92-a044-4f36-9fc5-fbd1b4310d3f', 'yellow'),
  ('2623b7f0-7427-42c4-94f1-c436ecb17a9e', '68a825c9-e98c-4fef-8986-e9e96436789b', '2f77ad92-a044-4f36-9fc5-fbd1b4310d3f', 'yellow'),
  ('1c6abc38-eb8f-4858-8707-94fa18b881e4', '68a825c9-e98c-4fef-8986-e9e96436789b', '2f77ad92-a044-4f36-9fc5-fbd1b4310d3f', 'yellow'),
  ('07453fe3-e4bb-44f0-8bd0-2b073a6b93f5', '68a825c9-e98c-4fef-8986-e9e96436789b', '2f77ad92-a044-4f36-9fc5-fbd1b4310d3f', 'red'),
  ('486f80ed-04bd-48f5-a2c4-6fe7d8d27c51', '68a825c9-e98c-4fef-8986-e9e96436789b', '2f77ad92-a044-4f36-9fc5-fbd1b4310d3f', 'red'),
  ('7bb4d7c0-6042-4325-9ada-e8c661d1a379', 'aa490640-ed0c-4d9b-be2c-5f3e59b9829a', '24b13802-59ff-4fd1-bd78-6bf82f9c9eb6', 'yellow'),
  ('70e53fc0-bf5b-40ab-85a8-f387fb4ca17a', 'aa490640-ed0c-4d9b-be2c-5f3e59b9829a', '24b13802-59ff-4fd1-bd78-6bf82f9c9eb6', 'yellow'),
  ('4e0adb3d-f17e-48d4-9816-ada6b154ecfd', 'aa490640-ed0c-4d9b-be2c-5f3e59b9829a', '24b13802-59ff-4fd1-bd78-6bf82f9c9eb6', 'yellow'),
  ('dc28c913-293d-4b18-9493-9c996689da71', 'aa490640-ed0c-4d9b-be2c-5f3e59b9829a', '24b13802-59ff-4fd1-bd78-6bf82f9c9eb6', 'yellow'),
  ('0ebe86f3-2a23-4ee8-9dc0-a23729a3d01e', 'aa490640-ed0c-4d9b-be2c-5f3e59b9829a', '24b13802-59ff-4fd1-bd78-6bf82f9c9eb6', 'yellow'),
  ('a7f06244-1e00-4e86-8672-c29481d8f9c9', 'aa490640-ed0c-4d9b-be2c-5f3e59b9829a', '24b13802-59ff-4fd1-bd78-6bf82f9c9eb6', 'yellow'),
  ('52c93033-f014-484d-8f79-fb19be18bec2', 'aa490640-ed0c-4d9b-be2c-5f3e59b9829a', '24b13802-59ff-4fd1-bd78-6bf82f9c9eb6', 'yellow'),
  ('91cd150b-ce4f-4942-876e-0667b1fb9bd6', 'aa490640-ed0c-4d9b-be2c-5f3e59b9829a', '24b13802-59ff-4fd1-bd78-6bf82f9c9eb6', 'yellow'),
  ('f48b2322-4fce-4af6-acfc-1abe9ae2533e', 'aa490640-ed0c-4d9b-be2c-5f3e59b9829a', '24b13802-59ff-4fd1-bd78-6bf82f9c9eb6', 'yellow'),
  ('00214cdf-7da6-45b7-af4e-a95c27f8db8d', 'aa490640-ed0c-4d9b-be2c-5f3e59b9829a', '24b13802-59ff-4fd1-bd78-6bf82f9c9eb6', 'yellow'),
  ('75c4200c-0e06-4300-9058-4e032becf485', 'aa490640-ed0c-4d9b-be2c-5f3e59b9829a', '24b13802-59ff-4fd1-bd78-6bf82f9c9eb6', 'yellow'),
  ('375e244c-5074-454f-83e6-756a6caf40c7', 'aa490640-ed0c-4d9b-be2c-5f3e59b9829a', '24b13802-59ff-4fd1-bd78-6bf82f9c9eb6', 'red'),
  ('126e94cb-0ac2-432b-ae08-5fb0da1a7477', 'aa490640-ed0c-4d9b-be2c-5f3e59b9829a', '24b13802-59ff-4fd1-bd78-6bf82f9c9eb6', 'red'),
  ('86b1520c-8dc8-4d99-ac95-48433a730750', 'aa490640-ed0c-4d9b-be2c-5f3e59b9829a', '24b13802-59ff-4fd1-bd78-6bf82f9c9eb6', 'red'),
  ('415247fe-d4c9-43de-ad3e-1859e13bc5a7', '03edc1f5-2951-4449-a5d6-395919109825', '59d38998-b5cd-4c0c-bd6c-f9332c243d98', 'yellow'),
  ('8fd37126-df27-4fc9-92ba-5d588cb40957', '03edc1f5-2951-4449-a5d6-395919109825', '59d38998-b5cd-4c0c-bd6c-f9332c243d98', 'yellow'),
  ('988c1209-fdba-4d79-a0bc-0fb2cf799ad3', '03edc1f5-2951-4449-a5d6-395919109825', '59d38998-b5cd-4c0c-bd6c-f9332c243d98', 'yellow'),
  ('b39cd5d4-1645-4925-a9c7-1b6f36f84855', '03edc1f5-2951-4449-a5d6-395919109825', '59d38998-b5cd-4c0c-bd6c-f9332c243d98', 'yellow'),
  ('8bea8e81-fe1c-4987-bb24-f553e985b273', '03edc1f5-2951-4449-a5d6-395919109825', '59d38998-b5cd-4c0c-bd6c-f9332c243d98', 'yellow'),
  ('e1cf80ba-cc4e-4bc5-9154-d0f078a55923', '03edc1f5-2951-4449-a5d6-395919109825', '59d38998-b5cd-4c0c-bd6c-f9332c243d98', 'yellow'),
  ('2d17fa5a-edbc-4659-8fec-44b708bfe1ae', '03edc1f5-2951-4449-a5d6-395919109825', '59d38998-b5cd-4c0c-bd6c-f9332c243d98', 'yellow'),
  ('8f997af3-ee54-4b8d-9d28-e9463f3a93da', '03edc1f5-2951-4449-a5d6-395919109825', '59d38998-b5cd-4c0c-bd6c-f9332c243d98', 'yellow'),
  ('0aacc9fa-3714-4358-9fa7-360a035cfd20', '03edc1f5-2951-4449-a5d6-395919109825', '59d38998-b5cd-4c0c-bd6c-f9332c243d98', 'yellow'),
  ('f7ec1d30-a308-4ca2-b48e-bf2c6ff66d8c', '03edc1f5-2951-4449-a5d6-395919109825', '59d38998-b5cd-4c0c-bd6c-f9332c243d98', 'yellow'),
  ('d4eb4edd-3cdc-4e2f-8a8e-b2d005b99fa4', '03edc1f5-2951-4449-a5d6-395919109825', '59d38998-b5cd-4c0c-bd6c-f9332c243d98', 'yellow'),
  ('5c4bc8c8-28df-4f67-9b42-2dcb67533492', '03edc1f5-2951-4449-a5d6-395919109825', '59d38998-b5cd-4c0c-bd6c-f9332c243d98', 'yellow'),
  ('fa8071ea-8ffb-45d9-8433-c699e71d404d', '03edc1f5-2951-4449-a5d6-395919109825', '59d38998-b5cd-4c0c-bd6c-f9332c243d98', 'red'),
  ('5ab6ac8e-8982-4dc8-a822-34468f76b43d', '03edc1f5-2951-4449-a5d6-395919109825', '59d38998-b5cd-4c0c-bd6c-f9332c243d98', 'red'),
  ('a3b91c5d-54ad-4e62-8ed4-23c5577cee89', '03edc1f5-2951-4449-a5d6-395919109825', '59d38998-b5cd-4c0c-bd6c-f9332c243d98', 'red'),
  ('8d58c566-f02b-4aa4-926a-f47e02443c01', 'aa490640-ed0c-4d9b-be2c-5f3e59b9829a', '517228d7-c3d3-44c2-8ff7-7e5c28abfd92', 'yellow'),
  ('051173e0-61b4-4ac4-b22d-b03d465239ac', 'aa490640-ed0c-4d9b-be2c-5f3e59b9829a', '517228d7-c3d3-44c2-8ff7-7e5c28abfd92', 'yellow'),
  ('975d1ece-bb63-4733-bb78-01f24bda6c3e', 'aa490640-ed0c-4d9b-be2c-5f3e59b9829a', '517228d7-c3d3-44c2-8ff7-7e5c28abfd92', 'yellow'),
  ('2b3e5d5c-c6cd-45e3-be29-6e15371818b6', 'aa490640-ed0c-4d9b-be2c-5f3e59b9829a', '517228d7-c3d3-44c2-8ff7-7e5c28abfd92', 'yellow'),
  ('37d27476-10f8-4dcb-bf96-895da268819f', 'aa490640-ed0c-4d9b-be2c-5f3e59b9829a', '517228d7-c3d3-44c2-8ff7-7e5c28abfd92', 'yellow'),
  ('6c35052d-8984-4e0f-9fe2-2e95baf4a0a2', 'aa490640-ed0c-4d9b-be2c-5f3e59b9829a', '517228d7-c3d3-44c2-8ff7-7e5c28abfd92', 'yellow'),
  ('91138d7f-9a6a-44db-8cc1-c6f67c1b8426', 'aa490640-ed0c-4d9b-be2c-5f3e59b9829a', '517228d7-c3d3-44c2-8ff7-7e5c28abfd92', 'yellow'),
  ('02ee1887-cb0d-4978-af14-8598d88f19db', 'aa490640-ed0c-4d9b-be2c-5f3e59b9829a', '517228d7-c3d3-44c2-8ff7-7e5c28abfd92', 'yellow'),
  ('7a292e1f-7fce-43b6-83fe-6b1e02f25637', 'aa490640-ed0c-4d9b-be2c-5f3e59b9829a', '517228d7-c3d3-44c2-8ff7-7e5c28abfd92', 'yellow'),
  ('6108fdcb-9d8f-4061-b5c6-a6ac60ef0c93', 'aa490640-ed0c-4d9b-be2c-5f3e59b9829a', '517228d7-c3d3-44c2-8ff7-7e5c28abfd92', 'yellow'),
  ('85926ecb-5ce1-48fa-a572-30089ccf5c52', 'aa490640-ed0c-4d9b-be2c-5f3e59b9829a', '517228d7-c3d3-44c2-8ff7-7e5c28abfd92', 'yellow'),
  ('cbfb54c7-d85f-48cc-9700-14d8ef63fe53', 'aa490640-ed0c-4d9b-be2c-5f3e59b9829a', '517228d7-c3d3-44c2-8ff7-7e5c28abfd92', 'yellow'),
  ('b1c83624-7396-4ed0-a2fc-d16c8ca8caa7', 'aa490640-ed0c-4d9b-be2c-5f3e59b9829a', '517228d7-c3d3-44c2-8ff7-7e5c28abfd92', 'yellow'),
  ('0287cf07-1318-4c53-8c4c-76debe0579d5', 'aa490640-ed0c-4d9b-be2c-5f3e59b9829a', '517228d7-c3d3-44c2-8ff7-7e5c28abfd92', 'yellow'),
  ('53f31952-6eae-44a9-9890-a7014be34c82', 'aa490640-ed0c-4d9b-be2c-5f3e59b9829a', '517228d7-c3d3-44c2-8ff7-7e5c28abfd92', 'red'),
  ('caeffd4f-6b33-4308-a1e6-75829bfd4cf8', 'aa490640-ed0c-4d9b-be2c-5f3e59b9829a', '517228d7-c3d3-44c2-8ff7-7e5c28abfd92', 'red'),
  ('4c010874-0cb0-4add-b318-735732225242', '2f6a5069-9461-4eb1-9a34-34b8e8a6ee79', '4503910e-9f7d-41e0-ae04-486e44d004ac', 'yellow'),
  ('58f9cd2e-b004-40d2-85b2-c76e902b8a1c', '2f6a5069-9461-4eb1-9a34-34b8e8a6ee79', '4503910e-9f7d-41e0-ae04-486e44d004ac', 'yellow'),
  ('ed93392d-3971-4e2d-8e61-917cc9853abe', '2f6a5069-9461-4eb1-9a34-34b8e8a6ee79', '4503910e-9f7d-41e0-ae04-486e44d004ac', 'yellow'),
  ('8f1b0d18-d043-445b-9945-f989ec0f35b9', '2f6a5069-9461-4eb1-9a34-34b8e8a6ee79', '4503910e-9f7d-41e0-ae04-486e44d004ac', 'yellow'),
  ('9fbe10c1-617a-466f-842e-7ca157ec9375', '2f6a5069-9461-4eb1-9a34-34b8e8a6ee79', '4503910e-9f7d-41e0-ae04-486e44d004ac', 'yellow'),
  ('975d177b-ddc7-45d8-8aa7-7dfebeb56ca2', '2f6a5069-9461-4eb1-9a34-34b8e8a6ee79', '4503910e-9f7d-41e0-ae04-486e44d004ac', 'yellow'),
  ('4c6e7e0c-7faf-4884-b71d-59f61caf8b20', '2f6a5069-9461-4eb1-9a34-34b8e8a6ee79', '4503910e-9f7d-41e0-ae04-486e44d004ac', 'yellow'),
  ('00494135-ad88-4b2f-8269-8d0a6a345d67', '2f6a5069-9461-4eb1-9a34-34b8e8a6ee79', '4503910e-9f7d-41e0-ae04-486e44d004ac', 'yellow'),
  ('3689b878-fef5-4695-9aac-3f1c3cab60d6', '2f6a5069-9461-4eb1-9a34-34b8e8a6ee79', '4503910e-9f7d-41e0-ae04-486e44d004ac', 'yellow'),
  ('d6490a55-3da8-41e7-b82f-6c59c8041438', '2f6a5069-9461-4eb1-9a34-34b8e8a6ee79', '4503910e-9f7d-41e0-ae04-486e44d004ac', 'yellow'),
  ('84ee9581-fb4b-425b-8c4e-202fc3f43339', '2f6a5069-9461-4eb1-9a34-34b8e8a6ee79', '4503910e-9f7d-41e0-ae04-486e44d004ac', 'yellow'),
  ('2e3300b0-d9a8-4c39-bd31-3d3073bc37a2', '2f6a5069-9461-4eb1-9a34-34b8e8a6ee79', '4503910e-9f7d-41e0-ae04-486e44d004ac', 'yellow'),
  ('4de88dcd-d40f-4411-82ab-86ec09a8c3d4', '2f6a5069-9461-4eb1-9a34-34b8e8a6ee79', '4503910e-9f7d-41e0-ae04-486e44d004ac', 'yellow'),
  ('249e3d56-f961-478b-ad13-f93c77f5160f', '2f6a5069-9461-4eb1-9a34-34b8e8a6ee79', '4503910e-9f7d-41e0-ae04-486e44d004ac', 'yellow'),
  ('1a3fefdc-4aa1-4029-88cb-281c40adb0be', '2f6a5069-9461-4eb1-9a34-34b8e8a6ee79', '4503910e-9f7d-41e0-ae04-486e44d004ac', 'red'),
  ('39b93fba-a941-48c5-b7b7-bdde2492b81f', '2f6a5069-9461-4eb1-9a34-34b8e8a6ee79', '4503910e-9f7d-41e0-ae04-486e44d004ac', 'red'),
  ('96ba2f31-0c29-42af-b135-60c075d65df7', 'ea2a5788-a402-46a6-9171-95d0b5e72feb', 'd51e2ce8-9bee-4791-b75a-d8b29614cf7e', 'yellow'),
  ('4132dd99-8099-4ae7-83dd-c0876d64eca2', 'ea2a5788-a402-46a6-9171-95d0b5e72feb', 'd51e2ce8-9bee-4791-b75a-d8b29614cf7e', 'yellow'),
  ('fec9a7de-7e6a-4993-ac3c-5910c5025f45', 'ea2a5788-a402-46a6-9171-95d0b5e72feb', 'd51e2ce8-9bee-4791-b75a-d8b29614cf7e', 'yellow'),
  ('0e4a092d-fd17-4c6b-b7b3-ada883a63c91', 'ea2a5788-a402-46a6-9171-95d0b5e72feb', 'd51e2ce8-9bee-4791-b75a-d8b29614cf7e', 'yellow'),
  ('5b5fcb38-26b5-4890-b064-266b51bb497a', 'ea2a5788-a402-46a6-9171-95d0b5e72feb', 'd51e2ce8-9bee-4791-b75a-d8b29614cf7e', 'yellow'),
  ('aacae8e3-3106-4295-adb5-7a7a4bde2bd5', 'ea2a5788-a402-46a6-9171-95d0b5e72feb', 'd51e2ce8-9bee-4791-b75a-d8b29614cf7e', 'yellow'),
  ('8bde76c7-77f2-41d6-aef2-6e2ceae495d4', 'ea2a5788-a402-46a6-9171-95d0b5e72feb', 'd51e2ce8-9bee-4791-b75a-d8b29614cf7e', 'yellow'),
  ('631d26f6-fb75-4c1d-929d-cfbc3fbd6f1a', 'ea2a5788-a402-46a6-9171-95d0b5e72feb', 'd51e2ce8-9bee-4791-b75a-d8b29614cf7e', 'yellow'),
  ('24c22fd1-812f-4bf3-894f-a237197aef63', 'ea2a5788-a402-46a6-9171-95d0b5e72feb', 'd51e2ce8-9bee-4791-b75a-d8b29614cf7e', 'yellow'),
  ('b5cfb5d3-44ce-4b03-88b3-91d92df02a10', 'ea2a5788-a402-46a6-9171-95d0b5e72feb', 'd51e2ce8-9bee-4791-b75a-d8b29614cf7e', 'yellow'),
  ('78e6eeea-8f93-4da9-b404-d9f6dc8104dc', 'ea2a5788-a402-46a6-9171-95d0b5e72feb', 'd51e2ce8-9bee-4791-b75a-d8b29614cf7e', 'yellow'),
  ('c24a5119-332a-48bf-a99a-6270f36c1e14', 'ea2a5788-a402-46a6-9171-95d0b5e72feb', 'd51e2ce8-9bee-4791-b75a-d8b29614cf7e', 'yellow'),
  ('c030f13e-d779-452a-ab09-7d48ea50a185', 'ea2a5788-a402-46a6-9171-95d0b5e72feb', 'd51e2ce8-9bee-4791-b75a-d8b29614cf7e', 'yellow'),
  ('73a44bec-415d-4646-ba14-0af1993b902c', 'ea2a5788-a402-46a6-9171-95d0b5e72feb', 'd51e2ce8-9bee-4791-b75a-d8b29614cf7e', 'yellow'),
  ('d3a07b43-5d31-4fe4-b477-29e5860aca78', 'ea2a5788-a402-46a6-9171-95d0b5e72feb', 'd51e2ce8-9bee-4791-b75a-d8b29614cf7e', 'yellow'),
  ('8ae6c640-fbe9-4d8a-af68-4be22b49496b', 'ea2a5788-a402-46a6-9171-95d0b5e72feb', 'd51e2ce8-9bee-4791-b75a-d8b29614cf7e', 'yellow'),
  ('45e47400-2794-4d13-af87-64f9d876c540', 'ea2a5788-a402-46a6-9171-95d0b5e72feb', 'd51e2ce8-9bee-4791-b75a-d8b29614cf7e', 'yellow'),
  ('4ad8db0c-57ad-497e-95ba-875315f5417f', 'ea2a5788-a402-46a6-9171-95d0b5e72feb', 'd51e2ce8-9bee-4791-b75a-d8b29614cf7e', 'yellow'),
  ('d2c75780-5edf-4a0d-aabb-cb1bf2792b9d', 'ea2a5788-a402-46a6-9171-95d0b5e72feb', 'd51e2ce8-9bee-4791-b75a-d8b29614cf7e', 'yellow'),
  ('3ce97b64-f8a7-41f3-87a8-4d9e700641ab', 'ea2a5788-a402-46a6-9171-95d0b5e72feb', 'a85d8e9a-0665-44c8-9bc3-a7c6ef5b9ef9', 'yellow'),
  ('2f6d0b49-d320-406e-8737-16ff6eedb333', 'ea2a5788-a402-46a6-9171-95d0b5e72feb', 'a85d8e9a-0665-44c8-9bc3-a7c6ef5b9ef9', 'yellow'),
  ('0bcd7c6b-132c-428f-9063-cc8808658210', 'ea2a5788-a402-46a6-9171-95d0b5e72feb', 'a85d8e9a-0665-44c8-9bc3-a7c6ef5b9ef9', 'yellow'),
  ('1de736dc-093c-4276-b686-9f99b752f5df', 'ea2a5788-a402-46a6-9171-95d0b5e72feb', 'a85d8e9a-0665-44c8-9bc3-a7c6ef5b9ef9', 'yellow'),
  ('77dc2cd4-6975-493f-ab22-7c6196c2df31', 'ea2a5788-a402-46a6-9171-95d0b5e72feb', 'a85d8e9a-0665-44c8-9bc3-a7c6ef5b9ef9', 'yellow'),
  ('58e27edc-2e28-49ef-aca3-6ebdbb6a1cb9', 'ea2a5788-a402-46a6-9171-95d0b5e72feb', 'a85d8e9a-0665-44c8-9bc3-a7c6ef5b9ef9', 'yellow'),
  ('e1bada3b-62db-4cdb-bcc2-86a4549ad42c', 'ea2a5788-a402-46a6-9171-95d0b5e72feb', 'a85d8e9a-0665-44c8-9bc3-a7c6ef5b9ef9', 'yellow'),
  ('26c589d8-68dc-4eb7-ae5d-4360236b9acd', 'ea2a5788-a402-46a6-9171-95d0b5e72feb', 'a85d8e9a-0665-44c8-9bc3-a7c6ef5b9ef9', 'yellow'),
  ('e63d2377-6bf5-4f63-ab5e-c4388d428ac8', 'ea2a5788-a402-46a6-9171-95d0b5e72feb', 'a85d8e9a-0665-44c8-9bc3-a7c6ef5b9ef9', 'yellow'),
  ('ee9a7799-fd3a-4e0b-b97b-5528b065226a', 'ea2a5788-a402-46a6-9171-95d0b5e72feb', 'a85d8e9a-0665-44c8-9bc3-a7c6ef5b9ef9', 'yellow'),
  ('55f5f54a-47e0-4bbe-8eab-d1e69c18a69f', 'ea2a5788-a402-46a6-9171-95d0b5e72feb', 'a85d8e9a-0665-44c8-9bc3-a7c6ef5b9ef9', 'yellow'),
  ('c97b5b72-e312-43a0-adff-50bab3708406', 'ea2a5788-a402-46a6-9171-95d0b5e72feb', 'a85d8e9a-0665-44c8-9bc3-a7c6ef5b9ef9', 'yellow'),
  ('a77a1ad7-d501-4bf1-80c5-039c900525c4', 'ea2a5788-a402-46a6-9171-95d0b5e72feb', 'a85d8e9a-0665-44c8-9bc3-a7c6ef5b9ef9', 'yellow'),
  ('b16b1446-6fe9-4b40-9697-02481f6ab03c', 'ea2a5788-a402-46a6-9171-95d0b5e72feb', 'a85d8e9a-0665-44c8-9bc3-a7c6ef5b9ef9', 'yellow'),
  ('74f2e784-9334-4eb7-89ba-5bee80677202', 'ea2a5788-a402-46a6-9171-95d0b5e72feb', 'a85d8e9a-0665-44c8-9bc3-a7c6ef5b9ef9', 'yellow'),
  ('e2ee3e8c-e442-43f3-a4ac-32c4b4e7bab4', 'ea2a5788-a402-46a6-9171-95d0b5e72feb', 'a85d8e9a-0665-44c8-9bc3-a7c6ef5b9ef9', 'yellow'),
  ('7f12aeff-93bd-4866-b6d4-4dd89e6795fd', 'ea2a5788-a402-46a6-9171-95d0b5e72feb', 'a85d8e9a-0665-44c8-9bc3-a7c6ef5b9ef9', 'yellow'),
  ('a54be396-287a-4141-a230-d1cf8d9bf9fc', 'ea2a5788-a402-46a6-9171-95d0b5e72feb', 'a85d8e9a-0665-44c8-9bc3-a7c6ef5b9ef9', 'yellow'),
  ('928828b7-a6d9-4bb4-ba55-f0579eda3d04', 'ea2a5788-a402-46a6-9171-95d0b5e72feb', 'a85d8e9a-0665-44c8-9bc3-a7c6ef5b9ef9', 'yellow'),
  ('3cdc1336-1809-4337-9143-8dc3388a1f44', '03edc1f5-2951-4449-a5d6-395919109825', '74ccab84-95f0-4543-aceb-68cc07368d41', 'yellow'),
  ('9dada86a-484f-4ca9-b8aa-33138b24dfc5', '03edc1f5-2951-4449-a5d6-395919109825', '74ccab84-95f0-4543-aceb-68cc07368d41', 'yellow'),
  ('e62bb068-c93f-48dd-8d0b-1436cb971e28', '03edc1f5-2951-4449-a5d6-395919109825', '74ccab84-95f0-4543-aceb-68cc07368d41', 'yellow'),
  ('8ed0f054-9046-435f-b0e4-4eb71d748c4f', '03edc1f5-2951-4449-a5d6-395919109825', '74ccab84-95f0-4543-aceb-68cc07368d41', 'yellow'),
  ('d1846e9c-41a0-48e3-9fff-fccf09f723cd', '03edc1f5-2951-4449-a5d6-395919109825', '74ccab84-95f0-4543-aceb-68cc07368d41', 'yellow'),
  ('5595118d-54bb-4b6a-90a1-726a0719ff0d', '03edc1f5-2951-4449-a5d6-395919109825', '74ccab84-95f0-4543-aceb-68cc07368d41', 'yellow'),
  ('149930f3-e3a1-4520-b754-207acadb8f2a', '03edc1f5-2951-4449-a5d6-395919109825', '74ccab84-95f0-4543-aceb-68cc07368d41', 'yellow'),
  ('ab717d03-51ff-4766-88ae-9f86d31bc461', '03edc1f5-2951-4449-a5d6-395919109825', '74ccab84-95f0-4543-aceb-68cc07368d41', 'yellow'),
  ('b4064f25-11d1-45ad-a358-a2ec64c1bc85', '03edc1f5-2951-4449-a5d6-395919109825', '74ccab84-95f0-4543-aceb-68cc07368d41', 'yellow'),
  ('eff73598-225f-46a1-b043-88997f6a2ebf', '03edc1f5-2951-4449-a5d6-395919109825', '74ccab84-95f0-4543-aceb-68cc07368d41', 'yellow'),
  ('7b181c44-e19f-4416-8240-eb4ef3e20174', '03edc1f5-2951-4449-a5d6-395919109825', '74ccab84-95f0-4543-aceb-68cc07368d41', 'yellow'),
  ('28968970-e78e-4e5b-81b3-747ab824e875', '03edc1f5-2951-4449-a5d6-395919109825', '74ccab84-95f0-4543-aceb-68cc07368d41', 'yellow'),
  ('f9991971-4cb6-4171-9a64-0fbf2a3dd844', '03edc1f5-2951-4449-a5d6-395919109825', '74ccab84-95f0-4543-aceb-68cc07368d41', 'yellow'),
  ('2758cf34-d666-4c6d-9d00-0296fe237f18', '03edc1f5-2951-4449-a5d6-395919109825', '74ccab84-95f0-4543-aceb-68cc07368d41', 'red'),
  ('7577cd73-14fc-4241-b22a-b1449267c5b9', '03edc1f5-2951-4449-a5d6-395919109825', '74ccab84-95f0-4543-aceb-68cc07368d41', 'red'),
  ('493ee06e-a438-4794-b2c0-da2aa8c87c03', '03edc1f5-2951-4449-a5d6-395919109825', '74ccab84-95f0-4543-aceb-68cc07368d41', 'red'),
  ('5818025a-5c39-4331-987e-e23abc42fbc0', 'e2224152-22b3-4757-8311-1d3bc3b58e1b', 'd7e6844d-bdf2-4e04-9dee-282f9edda130', 'yellow'),
  ('e4326011-c662-4cf6-a17c-64767d60014b', 'e2224152-22b3-4757-8311-1d3bc3b58e1b', 'd7e6844d-bdf2-4e04-9dee-282f9edda130', 'yellow'),
  ('df97109c-0629-4889-be91-e2f04970d11d', 'e2224152-22b3-4757-8311-1d3bc3b58e1b', 'd7e6844d-bdf2-4e04-9dee-282f9edda130', 'yellow'),
  ('ee4223de-0c24-4c24-b491-b4da9b551ece', 'e2224152-22b3-4757-8311-1d3bc3b58e1b', 'd7e6844d-bdf2-4e04-9dee-282f9edda130', 'yellow'),
  ('afd062f2-e57a-4b0c-950a-621d5a7ccd64', 'e2224152-22b3-4757-8311-1d3bc3b58e1b', 'd7e6844d-bdf2-4e04-9dee-282f9edda130', 'yellow'),
  ('cecf7e35-7d75-446a-8020-425ddd23765e', 'e2224152-22b3-4757-8311-1d3bc3b58e1b', 'd7e6844d-bdf2-4e04-9dee-282f9edda130', 'yellow'),
  ('8910023f-154c-4b6e-90a0-e81bb6c4408a', 'e2224152-22b3-4757-8311-1d3bc3b58e1b', 'd7e6844d-bdf2-4e04-9dee-282f9edda130', 'yellow'),
  ('67c45432-349a-441d-985a-d2861b65b7b8', 'e2224152-22b3-4757-8311-1d3bc3b58e1b', 'd7e6844d-bdf2-4e04-9dee-282f9edda130', 'yellow'),
  ('a52c835e-1f72-4f68-9331-7e3784d31b1c', 'e2224152-22b3-4757-8311-1d3bc3b58e1b', 'd7e6844d-bdf2-4e04-9dee-282f9edda130', 'yellow'),
  ('05b46aa5-68e1-405c-80d6-949a7113c565', 'e2224152-22b3-4757-8311-1d3bc3b58e1b', 'd7e6844d-bdf2-4e04-9dee-282f9edda130', 'yellow'),
  ('a55b6cc0-afa2-4b01-bc30-2aa535d1290c', 'e2224152-22b3-4757-8311-1d3bc3b58e1b', 'd7e6844d-bdf2-4e04-9dee-282f9edda130', 'yellow'),
  ('5dda5d91-ea73-4cba-8528-a9d26b050249', 'e2224152-22b3-4757-8311-1d3bc3b58e1b', 'd7e6844d-bdf2-4e04-9dee-282f9edda130', 'yellow'),
  ('3a48df83-2dc3-4a6e-8164-7280a6f7d528', 'e2224152-22b3-4757-8311-1d3bc3b58e1b', 'd7e6844d-bdf2-4e04-9dee-282f9edda130', 'yellow'),
  ('078d13bb-003a-4822-afb2-2fc71929488e', 'e2224152-22b3-4757-8311-1d3bc3b58e1b', 'd7e6844d-bdf2-4e04-9dee-282f9edda130', 'yellow'),
  ('bea004ac-6ef8-47c4-ad0a-c0d0a643e519', 'e2224152-22b3-4757-8311-1d3bc3b58e1b', 'd7e6844d-bdf2-4e04-9dee-282f9edda130', 'yellow'),
  ('6f23b465-f31e-4961-9604-8baf6943a3d0', 'e2224152-22b3-4757-8311-1d3bc3b58e1b', 'd7e6844d-bdf2-4e04-9dee-282f9edda130', 'yellow'),
  ('4a2182ce-37e0-442d-b8de-23a0499b31ae', 'e2224152-22b3-4757-8311-1d3bc3b58e1b', 'd7e6844d-bdf2-4e04-9dee-282f9edda130', 'yellow'),
  ('4d1b25e6-794a-4984-8e47-adc1d35222a5', 'e2224152-22b3-4757-8311-1d3bc3b58e1b', 'd7e6844d-bdf2-4e04-9dee-282f9edda130', 'yellow'),
  ('0152da9e-8f21-4308-8d7a-d607f9041e28', 'e2224152-22b3-4757-8311-1d3bc3b58e1b', 'd7e6844d-bdf2-4e04-9dee-282f9edda130', 'yellow'),
  ('4e2be30c-6710-457c-98de-d4a2b46a572a', '1677b876-61fd-4521-a2ba-d563577522eb', '816e3c59-8381-4867-a878-3b3f8333e8eb', 'yellow'),
  ('17bf21c5-4bfd-4325-878a-08c2b3ae5639', '1677b876-61fd-4521-a2ba-d563577522eb', '816e3c59-8381-4867-a878-3b3f8333e8eb', 'yellow'),
  ('f01705b8-47e8-4b7e-84b3-b17c08170f92', '1677b876-61fd-4521-a2ba-d563577522eb', '816e3c59-8381-4867-a878-3b3f8333e8eb', 'yellow'),
  ('79c504e2-2967-45a3-add8-5d84681b4608', '1677b876-61fd-4521-a2ba-d563577522eb', '816e3c59-8381-4867-a878-3b3f8333e8eb', 'yellow'),
  ('ccccb9fa-d949-482a-99d4-10ce3671112b', '1677b876-61fd-4521-a2ba-d563577522eb', '816e3c59-8381-4867-a878-3b3f8333e8eb', 'yellow'),
  ('29c91158-e9cf-4cf1-8431-bce4b4d956cc', '1677b876-61fd-4521-a2ba-d563577522eb', '816e3c59-8381-4867-a878-3b3f8333e8eb', 'yellow'),
  ('0bc0dce6-6ad1-4ef9-a55a-cf38a216e238', '1677b876-61fd-4521-a2ba-d563577522eb', '816e3c59-8381-4867-a878-3b3f8333e8eb', 'yellow'),
  ('95cb49c2-1913-4513-be40-37dbf6f41be9', '1677b876-61fd-4521-a2ba-d563577522eb', '816e3c59-8381-4867-a878-3b3f8333e8eb', 'yellow'),
  ('aa6c0e69-ee56-4a45-a9c9-4fa45e567ad0', '1677b876-61fd-4521-a2ba-d563577522eb', '816e3c59-8381-4867-a878-3b3f8333e8eb', 'yellow'),
  ('73236c1f-3f23-4ac9-a16d-46918e28b45f', '1677b876-61fd-4521-a2ba-d563577522eb', '816e3c59-8381-4867-a878-3b3f8333e8eb', 'yellow'),
  ('d8e3e5ee-74d8-48f0-9ba9-cffecba24c77', '1677b876-61fd-4521-a2ba-d563577522eb', '816e3c59-8381-4867-a878-3b3f8333e8eb', 'yellow'),
  ('3bb48259-1577-42a7-af50-559e8e8b87de', '1677b876-61fd-4521-a2ba-d563577522eb', '816e3c59-8381-4867-a878-3b3f8333e8eb', 'yellow'),
  ('c55b2eef-c969-4879-aed2-6d766ece2833', '1677b876-61fd-4521-a2ba-d563577522eb', '816e3c59-8381-4867-a878-3b3f8333e8eb', 'yellow'),
  ('83a3b43a-79d3-4cb5-ba8f-edf4e34fea35', '1677b876-61fd-4521-a2ba-d563577522eb', '816e3c59-8381-4867-a878-3b3f8333e8eb', 'yellow'),
  ('d1dd0938-c47f-4938-b18a-d5bd32fbb313', '1677b876-61fd-4521-a2ba-d563577522eb', '816e3c59-8381-4867-a878-3b3f8333e8eb', 'yellow'),
  ('b4066c29-01c8-42e1-8658-74357d09a0d3', '1677b876-61fd-4521-a2ba-d563577522eb', '816e3c59-8381-4867-a878-3b3f8333e8eb', 'red'),
  ('6aa5ad1e-5869-4bac-bcf8-81220df41863', '1677b876-61fd-4521-a2ba-d563577522eb', '816e3c59-8381-4867-a878-3b3f8333e8eb', 'red'),
  ('4aa4ad4a-8ea4-46ba-bcdb-43e5bc157b90', '1677b876-61fd-4521-a2ba-d563577522eb', '816e3c59-8381-4867-a878-3b3f8333e8eb', 'red'),
  ('012e03ea-a15c-4bca-aba2-9bd218178dc8', '1677b876-61fd-4521-a2ba-d563577522eb', '816e3c59-8381-4867-a878-3b3f8333e8eb', 'red');

